<?xml version="1.0"?>
<objects>
<!-- ('', 'zport', 'dmd', 'Devices', 'Server', 'rrdTemplates', 'Squid') -->
<object id='/zport/dmd/Devices/Server/rrdTemplates/Squid' module='Products.ZenModel.RRDTemplate' class='RRDTemplate'>
<property type="text" id="description" mode="w" >
Squid proxy stats
</property>
<tomanycont id='datasources'>
<object id='cacheClients' module='Products.ZenModel.BasicDataSource' class='BasicDataSource'>
<property select_variable="sourcetypes" type="selection" id="sourcetype" mode="w" >
SNMP
</property>
<property type="boolean" id="enabled" mode="w" >
True
</property>
<property type="string" id="eventClass" mode="w" >
/Cmd/Fail
</property>
<property type="int" id="severity" mode="w" >
3
</property>
<property type="int" id="cycletime" mode="w" >
300
</property>
<property type="string" id="oid" mode="w" >
1.3.6.1.4.1.3495.1.3.2.1.15.0
</property>
<property type="boolean" id="usessh" mode="w" >
False
</property>
<tomanycont id='datapoints'>
<object id='cacheClients' module='Products.ZenModel.RRDDataPoint' class='RRDDataPoint'>
<property select_variable="rrdtypes" type="selection" id="rrdtype" mode="w" >
GAUGE
</property>
<property type="boolean" id="isrow" mode="w" >
True
</property>
</object>
</tomanycont>
</object>
<object id='cacheCurrentFileDescrCnt' module='Products.ZenModel.BasicDataSource' class='BasicDataSource'>
<property select_variable="sourcetypes" type="selection" id="sourcetype" mode="w" >
SNMP
</property>
<property type="boolean" id="enabled" mode="w" >
True
</property>
<property type="string" id="eventClass" mode="w" >
/Cmd/Fail
</property>
<property type="int" id="severity" mode="w" >
3
</property>
<property type="int" id="cycletime" mode="w" >
300
</property>
<property type="string" id="oid" mode="w" >
1.3.6.1.4.1.3495.1.3.1.12.0
</property>
<property type="boolean" id="usessh" mode="w" >
False
</property>
<tomanycont id='datapoints'>
<object id='cacheCurrentFileDescrCnt' module='Products.ZenModel.RRDDataPoint' class='RRDDataPoint'>
<property select_variable="rrdtypes" type="selection" id="rrdtype" mode="w" >
GAUGE
</property>
<property type="boolean" id="isrow" mode="w" >
True
</property>
</object>
</tomanycont>
</object>
<object id='cacheCurrentFileDescrMax' module='Products.ZenModel.BasicDataSource' class='BasicDataSource'>
<property select_variable="sourcetypes" type="selection" id="sourcetype" mode="w" >
SNMP
</property>
<property type="boolean" id="enabled" mode="w" >
True
</property>
<property type="string" id="eventClass" mode="w" >
/Cmd/Fail
</property>
<property type="int" id="severity" mode="w" >
3
</property>
<property type="int" id="cycletime" mode="w" >
300
</property>
<property type="string" id="oid" mode="w" >
1.3.6.1.4.1.3495.1.3.1.13.0
</property>
<property type="boolean" id="usessh" mode="w" >
False
</property>
<tomanycont id='datapoints'>
<object id='cacheCurrentFileDescrMax' module='Products.ZenModel.RRDDataPoint' class='RRDDataPoint'>
<property select_variable="rrdtypes" type="selection" id="rrdtype" mode="w" >
GAUGE
</property>
<property type="boolean" id="isrow" mode="w" >
True
</property>
</object>
</tomanycont>
</object>
<object id='cacheCurrentResFileDescrCnt' module='Products.ZenModel.BasicDataSource' class='BasicDataSource'>
<property select_variable="sourcetypes" type="selection" id="sourcetype" mode="w" >
SNMP
</property>
<property type="boolean" id="enabled" mode="w" >
True
</property>
<property type="string" id="eventClass" mode="w" >
/Cmd/Fail
</property>
<property type="int" id="severity" mode="w" >
3
</property>
<property type="int" id="cycletime" mode="w" >
300
</property>
<property type="string" id="oid" mode="w" >
1.3.6.1.4.1.3495.1.3.1.11.0
</property>
<property type="boolean" id="usessh" mode="w" >
False
</property>
<tomanycont id='datapoints'>
<object id='cacheCurrentResFileDescrCnt' module='Products.ZenModel.RRDDataPoint' class='RRDDataPoint'>
<property select_variable="rrdtypes" type="selection" id="rrdtype" mode="w" >
GAUGE
</property>
<property type="boolean" id="isrow" mode="w" >
True
</property>
</object>
</tomanycont>
</object>
<object id='cacheCurrentUnusedFDescrCnt' module='Products.ZenModel.BasicDataSource' class='BasicDataSource'>
<property select_variable="sourcetypes" type="selection" id="sourcetype" mode="w" >
SNMP
</property>
<property type="boolean" id="enabled" mode="w" >
True
</property>
<property type="string" id="eventClass" mode="w" >
/Cmd/Fail
</property>
<property type="int" id="severity" mode="w" >
3
</property>
<property type="int" id="cycletime" mode="w" >
300
</property>
<property type="string" id="oid" mode="w" >
1.3.6.1.4.1.3495.1.3.1.10.0
</property>
<property type="boolean" id="usessh" mode="w" >
False
</property>
<tomanycont id='datapoints'>
<object id='cacheCurrentUnusedFDescrCnt' module='Products.ZenModel.RRDDataPoint' class='RRDDataPoint'>
<property select_variable="rrdtypes" type="selection" id="rrdtype" mode="w" >
GAUGE
</property>
<property type="boolean" id="isrow" mode="w" >
True
</property>
</object>
</tomanycont>
</object>
<object id='cacheDnsSvcTime.5' module='Products.ZenModel.BasicDataSource' class='BasicDataSource'>
<property select_variable="sourcetypes" type="selection" id="sourcetype" mode="w" >
SNMP
</property>
<property type="boolean" id="enabled" mode="w" >
True
</property>
<property type="string" id="eventClass" mode="w" >
/Cmd/Fail
</property>
<property type="int" id="severity" mode="w" >
3
</property>
<property type="int" id="cycletime" mode="w" >
300
</property>
<property type="string" id="oid" mode="w" >
1.3.6.1.4.1.3495.1.3.2.2.1.8.5
</property>
<property type="boolean" id="usessh" mode="w" >
False
</property>
<tomanycont id='datapoints'>
<object id='cacheDnsSvcTime.5' module='Products.ZenModel.RRDDataPoint' class='RRDDataPoint'>
<property select_variable="rrdtypes" type="selection" id="rrdtype" mode="w" >
GAUGE
</property>
<property type="boolean" id="isrow" mode="w" >
True
</property>
</object>
</tomanycont>
</object>
<object id='cacheHttpAllSvcTime.5' module='Products.ZenModel.BasicDataSource' class='BasicDataSource'>
<property select_variable="sourcetypes" type="selection" id="sourcetype" mode="w" >
SNMP
</property>
<property type="boolean" id="enabled" mode="w" >
True
</property>
<property type="string" id="eventClass" mode="w" >
/Cmd/Fail
</property>
<property type="int" id="severity" mode="w" >
3
</property>
<property type="int" id="cycletime" mode="w" >
300
</property>
<property type="string" id="oid" mode="w" >
1.3.6.1.4.1.3495.1.3.2.2.1.2.5
</property>
<property type="boolean" id="usessh" mode="w" >
False
</property>
<tomanycont id='datapoints'>
<object id='cacheHttpAllSvcTime.5' module='Products.ZenModel.RRDDataPoint' class='RRDDataPoint'>
<property select_variable="rrdtypes" type="selection" id="rrdtype" mode="w" >
GAUGE
</property>
<property type="boolean" id="isrow" mode="w" >
True
</property>
</object>
</tomanycont>
</object>
<object id='cacheHttpErrors' module='Products.ZenModel.BasicDataSource' class='BasicDataSource'>
<property select_variable="sourcetypes" type="selection" id="sourcetype" mode="w" >
SNMP
</property>
<property type="boolean" id="enabled" mode="w" >
True
</property>
<property type="string" id="eventClass" mode="w" >
/Cmd/Fail
</property>
<property type="int" id="severity" mode="w" >
3
</property>
<property type="int" id="cycletime" mode="w" >
300
</property>
<property type="string" id="oid" mode="w" >
1.3.6.1.4.1.3495.1.3.2.1.3.0
</property>
<property type="boolean" id="usessh" mode="w" >
False
</property>
<tomanycont id='datapoints'>
<object id='cacheHttpErrors' module='Products.ZenModel.RRDDataPoint' class='RRDDataPoint'>
<property select_variable="rrdtypes" type="selection" id="rrdtype" mode="w" >
COUNTER
</property>
<property type="boolean" id="isrow" mode="w" >
True
</property>
</object>
</tomanycont>
</object>
<object id='cacheHttpHitSvcTime.5' module='Products.ZenModel.BasicDataSource' class='BasicDataSource'>
<property select_variable="sourcetypes" type="selection" id="sourcetype" mode="w" >
SNMP
</property>
<property type="boolean" id="enabled" mode="w" >
True
</property>
<property type="string" id="eventClass" mode="w" >
/Cmd/Fail
</property>
<property type="int" id="severity" mode="w" >
3
</property>
<property type="int" id="cycletime" mode="w" >
300
</property>
<property type="string" id="oid" mode="w" >
1.3.6.1.4.1.3495.1.3.2.2.1.5.5
</property>
<property type="boolean" id="usessh" mode="w" >
False
</property>
<tomanycont id='datapoints'>
<object id='cacheHttpHitSvcTime.5' module='Products.ZenModel.RRDDataPoint' class='RRDDataPoint'>
<property select_variable="rrdtypes" type="selection" id="rrdtype" mode="w" >
GAUGE
</property>
<property type="boolean" id="isrow" mode="w" >
True
</property>
</object>
</tomanycont>
</object>
<object id='cacheHttpHits' module='Products.ZenModel.BasicDataSource' class='BasicDataSource'>
<property select_variable="sourcetypes" type="selection" id="sourcetype" mode="w" >
SNMP
</property>
<property type="boolean" id="enabled" mode="w" >
True
</property>
<property type="string" id="eventClass" mode="w" >
/Cmd/Fail
</property>
<property type="int" id="severity" mode="w" >
3
</property>
<property type="int" id="cycletime" mode="w" >
300
</property>
<property type="string" id="oid" mode="w" >
1.3.6.1.4.1.3495.1.3.2.1.2.0
</property>
<property type="boolean" id="usessh" mode="w" >
False
</property>
<tomanycont id='datapoints'>
<object id='cacheHttpHits' module='Products.ZenModel.RRDDataPoint' class='RRDDataPoint'>
<property select_variable="rrdtypes" type="selection" id="rrdtype" mode="w" >
COUNTER
</property>
<property type="boolean" id="isrow" mode="w" >
True
</property>
</object>
</tomanycont>
</object>
<object id='cacheHttpInKb' module='Products.ZenModel.BasicDataSource' class='BasicDataSource'>
<property select_variable="sourcetypes" type="selection" id="sourcetype" mode="w" >
SNMP
</property>
<property type="boolean" id="enabled" mode="w" >
True
</property>
<property type="string" id="eventClass" mode="w" >
/Cmd/Fail
</property>
<property type="int" id="severity" mode="w" >
3
</property>
<property type="int" id="cycletime" mode="w" >
300
</property>
<property type="string" id="oid" mode="w" >
1.3.6.1.4.1.3495.1.3.2.1.4.0
</property>
<property type="boolean" id="usessh" mode="w" >
False
</property>
<tomanycont id='datapoints'>
<object id='cacheHttpInKb' module='Products.ZenModel.RRDDataPoint' class='RRDDataPoint'>
<property select_variable="rrdtypes" type="selection" id="rrdtype" mode="w" >
COUNTER
</property>
<property type="boolean" id="isrow" mode="w" >
True
</property>
</object>
</tomanycont>
</object>
<object id='cacheHttpMissSvcTime.5' module='Products.ZenModel.BasicDataSource' class='BasicDataSource'>
<property select_variable="sourcetypes" type="selection" id="sourcetype" mode="w" >
SNMP
</property>
<property type="boolean" id="enabled" mode="w" >
True
</property>
<property type="string" id="eventClass" mode="w" >
/Cmd/Fail
</property>
<property type="int" id="severity" mode="w" >
3
</property>
<property type="int" id="cycletime" mode="w" >
300
</property>
<property type="string" id="oid" mode="w" >
1.3.6.1.4.1.3495.1.3.2.2.1.3.5
</property>
<property type="boolean" id="usessh" mode="w" >
False
</property>
<tomanycont id='datapoints'>
<object id='cacheHttpMissSvcTime.5' module='Products.ZenModel.RRDDataPoint' class='RRDDataPoint'>
<property select_variable="rrdtypes" type="selection" id="rrdtype" mode="w" >
GAUGE
</property>
<property type="boolean" id="isrow" mode="w" >
True
</property>
</object>
</tomanycont>
</object>
<object id='cacheHttpNhSvcTime.5' module='Products.ZenModel.BasicDataSource' class='BasicDataSource'>
<property select_variable="sourcetypes" type="selection" id="sourcetype" mode="w" >
SNMP
</property>
<property type="boolean" id="enabled" mode="w" >
True
</property>
<property type="string" id="eventClass" mode="w" >
/Cmd/Fail
</property>
<property type="int" id="severity" mode="w" >
3
</property>
<property type="int" id="cycletime" mode="w" >
300
</property>
<property type="string" id="oid" mode="w" >
1.3.6.1.4.1.3495.1.3.2.2.1.11.5
</property>
<property type="boolean" id="usessh" mode="w" >
False
</property>
<tomanycont id='datapoints'>
<object id='cacheHttpNhSvcTime.5' module='Products.ZenModel.RRDDataPoint' class='RRDDataPoint'>
<property select_variable="rrdtypes" type="selection" id="rrdtype" mode="w" >
GAUGE
</property>
<property type="boolean" id="isrow" mode="w" >
True
</property>
</object>
</tomanycont>
</object>
<object id='cacheHttpNmSvcTime.5' module='Products.ZenModel.BasicDataSource' class='BasicDataSource'>
<property select_variable="sourcetypes" type="selection" id="sourcetype" mode="w" >
SNMP
</property>
<property type="boolean" id="enabled" mode="w" >
True
</property>
<property type="string" id="eventClass" mode="w" >
/Cmd/Fail
</property>
<property type="int" id="severity" mode="w" >
3
</property>
<property type="int" id="cycletime" mode="w" >
300
</property>
<property type="string" id="oid" mode="w" >
1.3.6.1.4.1.3495.1.3.2.2.1.4.5
</property>
<property type="boolean" id="usessh" mode="w" >
False
</property>
<tomanycont id='datapoints'>
<object id='cacheHttpNmSvcTime.5' module='Products.ZenModel.RRDDataPoint' class='RRDDataPoint'>
<property select_variable="rrdtypes" type="selection" id="rrdtype" mode="w" >
GAUGE
</property>
<property type="boolean" id="isrow" mode="w" >
True
</property>
</object>
</tomanycont>
</object>
<object id='cacheHttpOutKb' module='Products.ZenModel.BasicDataSource' class='BasicDataSource'>
<property select_variable="sourcetypes" type="selection" id="sourcetype" mode="w" >
SNMP
</property>
<property type="boolean" id="enabled" mode="w" >
True
</property>
<property type="string" id="eventClass" mode="w" >
/Cmd/Fail
</property>
<property type="int" id="severity" mode="w" >
3
</property>
<property type="int" id="cycletime" mode="w" >
300
</property>
<property type="string" id="oid" mode="w" >
1.3.6.1.4.1.3495.1.3.2.1.5.0
</property>
<property type="boolean" id="usessh" mode="w" >
False
</property>
<tomanycont id='datapoints'>
<object id='cacheHttpOutKb' module='Products.ZenModel.RRDDataPoint' class='RRDDataPoint'>
<property select_variable="rrdtypes" type="selection" id="rrdtype" mode="w" >
COUNTER
</property>
<property type="boolean" id="isrow" mode="w" >
True
</property>
</object>
</tomanycont>
</object>
<object id='cacheIcpQuerySvcTime.5' module='Products.ZenModel.BasicDataSource' class='BasicDataSource'>
<property select_variable="sourcetypes" type="selection" id="sourcetype" mode="w" >
SNMP
</property>
<property type="boolean" id="enabled" mode="w" >
True
</property>
<property type="string" id="eventClass" mode="w" >
/Cmd/Fail
</property>
<property type="int" id="severity" mode="w" >
3
</property>
<property type="int" id="cycletime" mode="w" >
300
</property>
<property type="string" id="oid" mode="w" >
1.3.6.1.4.1.3495.1.3.2.2.1.6.5
</property>
<property type="boolean" id="usessh" mode="w" >
False
</property>
<tomanycont id='datapoints'>
<object id='cacheIcpQuerySvcTime.5' module='Products.ZenModel.RRDDataPoint' class='RRDDataPoint'>
<property select_variable="rrdtypes" type="selection" id="rrdtype" mode="w" >
GAUGE
</property>
<property type="boolean" id="isrow" mode="w" >
True
</property>
</object>
</tomanycont>
</object>
<object id='cacheIcpReplySvcTime.5' module='Products.ZenModel.BasicDataSource' class='BasicDataSource'>
<property select_variable="sourcetypes" type="selection" id="sourcetype" mode="w" >
SNMP
</property>
<property type="boolean" id="enabled" mode="w" >
True
</property>
<property type="string" id="eventClass" mode="w" >
/Cmd/Fail
</property>
<property type="int" id="severity" mode="w" >
3
</property>
<property type="int" id="cycletime" mode="w" >
300
</property>
<property type="string" id="oid" mode="w" >
1.3.6.1.4.1.3495.1.3.2.2.1.7.5
</property>
<property type="boolean" id="usessh" mode="w" >
False
</property>
<tomanycont id='datapoints'>
<object id='cacheIcpReplySvcTime.5' module='Products.ZenModel.RRDDataPoint' class='RRDDataPoint'>
<property select_variable="rrdtypes" type="selection" id="rrdtype" mode="w" >
GAUGE
</property>
<property type="boolean" id="isrow" mode="w" >
True
</property>
</object>
</tomanycont>
</object>
<object id='cacheNumObjCount' module='Products.ZenModel.BasicDataSource' class='BasicDataSource'>
<property select_variable="sourcetypes" type="selection" id="sourcetype" mode="w" >
SNMP
</property>
<property type="boolean" id="enabled" mode="w" >
True
</property>
<property type="string" id="eventClass" mode="w" >
/Cmd/Fail
</property>
<property type="int" id="severity" mode="w" >
3
</property>
<property type="int" id="cycletime" mode="w" >
300
</property>
<property type="string" id="oid" mode="w" >
1.3.6.1.4.1.3495.1.3.1.7.0
</property>
<property type="boolean" id="usessh" mode="w" >
False
</property>
<tomanycont id='datapoints'>
<object id='cacheNumObjCount' module='Products.ZenModel.RRDDataPoint' class='RRDDataPoint'>
<property select_variable="rrdtypes" type="selection" id="rrdtype" mode="w" >
GAUGE
</property>
<property type="boolean" id="isrow" mode="w" >
True
</property>
</object>
</tomanycont>
</object>
<object id='cacheProtoClientHttpRequests' module='Products.ZenModel.BasicDataSource' class='BasicDataSource'>
<property select_variable="sourcetypes" type="selection" id="sourcetype" mode="w" >
SNMP
</property>
<property type="boolean" id="enabled" mode="w" >
True
</property>
<property type="string" id="eventClass" mode="w" >
/Cmd/Fail
</property>
<property type="int" id="severity" mode="w" >
3
</property>
<property type="int" id="cycletime" mode="w" >
300
</property>
<property type="string" id="oid" mode="w" >
1.3.6.1.4.1.3495.1.3.2.1.1.0
</property>
<property type="boolean" id="usessh" mode="w" >
False
</property>
<tomanycont id='datapoints'>
<object id='cacheProtoClientHttpRequests' module='Products.ZenModel.RRDDataPoint' class='RRDDataPoint'>
<property select_variable="rrdtypes" type="selection" id="rrdtype" mode="w" >
COUNTER
</property>
<property type="boolean" id="isrow" mode="w" >
True
</property>
</object>
</tomanycont>
</object>
<object id='cacheRequestByteRatio.1' module='Products.ZenModel.BasicDataSource' class='BasicDataSource'>
<property select_variable="sourcetypes" type="selection" id="sourcetype" mode="w" >
SNMP
</property>
<property type="boolean" id="enabled" mode="w" >
True
</property>
<property type="string" id="eventClass" mode="w" >
/Cmd/Fail
</property>
<property type="int" id="severity" mode="w" >
3
</property>
<property type="int" id="cycletime" mode="w" >
300
</property>
<property type="string" id="oid" mode="w" >
1.3.6.1.4.1.3495.1.3.2.2.1.10.1
</property>
<property type="boolean" id="usessh" mode="w" >
False
</property>
<tomanycont id='datapoints'>
<object id='cacheRequestByteRatio.1' module='Products.ZenModel.RRDDataPoint' class='RRDDataPoint'>
<property select_variable="rrdtypes" type="selection" id="rrdtype" mode="w" >
GAUGE
</property>
<property type="boolean" id="isrow" mode="w" >
True
</property>
</object>
</tomanycont>
</object>
<object id='cacheRequestByteRatio.5' module='Products.ZenModel.BasicDataSource' class='BasicDataSource'>
<property select_variable="sourcetypes" type="selection" id="sourcetype" mode="w" >
SNMP
</property>
<property type="boolean" id="enabled" mode="w" >
True
</property>
<property type="string" id="eventClass" mode="w" >
/Cmd/Fail
</property>
<property type="int" id="severity" mode="w" >
3
</property>
<property type="int" id="cycletime" mode="w" >
300
</property>
<property type="string" id="oid" mode="w" >
1.3.6.1.4.1.3495.1.3.2.2.1.10.5
</property>
<property type="boolean" id="usessh" mode="w" >
False
</property>
<tomanycont id='datapoints'>
<object id='cacheRequestByteRatio.5' module='Products.ZenModel.RRDDataPoint' class='RRDDataPoint'>
<property select_variable="rrdtypes" type="selection" id="rrdtype" mode="w" >
GAUGE
</property>
<property type="boolean" id="isrow" mode="w" >
True
</property>
</object>
</tomanycont>
</object>
<object id='cacheRequestByteRatio.60' module='Products.ZenModel.BasicDataSource' class='BasicDataSource'>
<property select_variable="sourcetypes" type="selection" id="sourcetype" mode="w" >
SNMP
</property>
<property type="boolean" id="enabled" mode="w" >
True
</property>
<property type="string" id="eventClass" mode="w" >
/Cmd/Fail
</property>
<property type="int" id="severity" mode="w" >
3
</property>
<property type="int" id="cycletime" mode="w" >
300
</property>
<property type="string" id="oid" mode="w" >
1.3.6.1.4.1.3495.1.3.2.2.1.10.60
</property>
<property type="boolean" id="usessh" mode="w" >
False
</property>
<tomanycont id='datapoints'>
<object id='cacheRequestByteRatio.60' module='Products.ZenModel.RRDDataPoint' class='RRDDataPoint'>
<property select_variable="rrdtypes" type="selection" id="rrdtype" mode="w" >
GAUGE
</property>
<property type="boolean" id="isrow" mode="w" >
True
</property>
</object>
</tomanycont>
</object>
<object id='cacheRequestHitRatio.1' module='Products.ZenModel.BasicDataSource' class='BasicDataSource'>
<property select_variable="sourcetypes" type="selection" id="sourcetype" mode="w" >
SNMP
</property>
<property type="boolean" id="enabled" mode="w" >
True
</property>
<property type="string" id="eventClass" mode="w" >
/Cmd/Fail
</property>
<property type="int" id="severity" mode="w" >
3
</property>
<property type="int" id="cycletime" mode="w" >
300
</property>
<property type="string" id="oid" mode="w" >
1.3.6.1.4.1.3495.1.3.2.2.1.9.1
</property>
<property type="boolean" id="usessh" mode="w" >
False
</property>
<tomanycont id='datapoints'>
<object id='cacheRequestHitRatio.1' module='Products.ZenModel.RRDDataPoint' class='RRDDataPoint'>
<property select_variable="rrdtypes" type="selection" id="rrdtype" mode="w" >
GAUGE
</property>
<property type="boolean" id="isrow" mode="w" >
True
</property>
</object>
</tomanycont>
</object>
<object id='cacheRequestHitRatio.5' module='Products.ZenModel.BasicDataSource' class='BasicDataSource'>
<property select_variable="sourcetypes" type="selection" id="sourcetype" mode="w" >
SNMP
</property>
<property type="boolean" id="enabled" mode="w" >
True
</property>
<property type="string" id="eventClass" mode="w" >
/Cmd/Fail
</property>
<property type="int" id="severity" mode="w" >
3
</property>
<property type="int" id="cycletime" mode="w" >
300
</property>
<property type="string" id="oid" mode="w" >
1.3.6.1.4.1.3495.1.3.2.2.1.9.5
</property>
<property type="boolean" id="usessh" mode="w" >
False
</property>
<tomanycont id='datapoints'>
<object id='cacheRequestHitRatio.5' module='Products.ZenModel.RRDDataPoint' class='RRDDataPoint'>
<property select_variable="rrdtypes" type="selection" id="rrdtype" mode="w" >
GAUGE
</property>
<property type="boolean" id="isrow" mode="w" >
True
</property>
</object>
</tomanycont>
</object>
<object id='cacheRequestHitRatio.60' module='Products.ZenModel.BasicDataSource' class='BasicDataSource'>
<property select_variable="sourcetypes" type="selection" id="sourcetype" mode="w" >
SNMP
</property>
<property type="boolean" id="enabled" mode="w" >
True
</property>
<property type="string" id="eventClass" mode="w" >
/Cmd/Fail
</property>
<property type="int" id="severity" mode="w" >
3
</property>
<property type="int" id="cycletime" mode="w" >
300
</property>
<property type="string" id="oid" mode="w" >
1.3.6.1.4.1.3495.1.3.2.2.1.9.60
</property>
<property type="boolean" id="usessh" mode="w" >
False
</property>
<tomanycont id='datapoints'>
<object id='cacheRequestHitRatio.60' module='Products.ZenModel.RRDDataPoint' class='RRDDataPoint'>
<property select_variable="rrdtypes" type="selection" id="rrdtype" mode="w" >
GAUGE
</property>
<property type="boolean" id="isrow" mode="w" >
True
</property>
</object>
</tomanycont>
</object>
<object id='cacheSysPageFaults' module='Products.ZenModel.BasicDataSource' class='BasicDataSource'>
<property select_variable="sourcetypes" type="selection" id="sourcetype" mode="w" >
SNMP
</property>
<property type="boolean" id="enabled" mode="w" >
True
</property>
<property type="string" id="eventClass" mode="w" >
/Cmd/Fail
</property>
<property type="int" id="severity" mode="w" >
3
</property>
<property type="int" id="cycletime" mode="w" >
300
</property>
<property type="string" id="oid" mode="w" >
1.3.6.1.4.1.3495.1.3.1.1.0
</property>
<property type="boolean" id="usessh" mode="w" >
False
</property>
<tomanycont id='datapoints'>
<object id='cacheSysPageFaults' module='Products.ZenModel.RRDDataPoint' class='RRDDataPoint'>
<property select_variable="rrdtypes" type="selection" id="rrdtype" mode="w" >
GAUGE
</property>
<property type="boolean" id="isrow" mode="w" >
True
</property>
</object>
</tomanycont>
</object>
<object id='cacheSysStorage' module='Products.ZenModel.BasicDataSource' class='BasicDataSource'>
<property select_variable="sourcetypes" type="selection" id="sourcetype" mode="w" >
SNMP
</property>
<property type="boolean" id="enabled" mode="w" >
True
</property>
<property type="string" id="eventClass" mode="w" >
/Cmd/Fail
</property>
<property type="int" id="severity" mode="w" >
3
</property>
<property type="int" id="cycletime" mode="w" >
300
</property>
<property type="string" id="oid" mode="w" >
1.3.6.1.4.1.3495.1.1.2.0
</property>
<property type="boolean" id="usessh" mode="w" >
False
</property>
<tomanycont id='datapoints'>
<object id='cacheSysStorage' module='Products.ZenModel.RRDDataPoint' class='RRDDataPoint'>
<property select_variable="rrdtypes" type="selection" id="rrdtype" mode="w" >
GAUGE
</property>
<property type="boolean" id="isrow" mode="w" >
True
</property>
</object>
</tomanycont>
</object>
<object id='cacheSysVMsize' module='Products.ZenModel.BasicDataSource' class='BasicDataSource'>
<property select_variable="sourcetypes" type="selection" id="sourcetype" mode="w" >
SNMP
</property>
<property type="boolean" id="enabled" mode="w" >
True
</property>
<property type="string" id="eventClass" mode="w" >
/Cmd/Fail
</property>
<property type="int" id="severity" mode="w" >
3
</property>
<property type="int" id="cycletime" mode="w" >
300
</property>
<property type="string" id="oid" mode="w" >
1.3.6.1.4.1.3495.1.1.1.0
</property>
<property type="boolean" id="usessh" mode="w" >
False
</property>
<tomanycont id='datapoints'>
<object id='cacheSysVMsize' module='Products.ZenModel.RRDDataPoint' class='RRDDataPoint'>
<property select_variable="rrdtypes" type="selection" id="rrdtype" mode="w" >
GAUGE
</property>
<property type="boolean" id="isrow" mode="w" >
True
</property>
</object>
</tomanycont>
</object>
<object id='cacheUptime' module='Products.ZenModel.BasicDataSource' class='BasicDataSource'>
<property select_variable="sourcetypes" type="selection" id="sourcetype" mode="w" >
SNMP
</property>
<property type="boolean" id="enabled" mode="w" >
True
</property>
<property type="string" id="eventClass" mode="w" >
/Cmd/Fail
</property>
<property type="int" id="severity" mode="w" >
3
</property>
<property type="int" id="cycletime" mode="w" >
300
</property>
<property type="string" id="oid" mode="w" >
1.3.6.1.4.1.3495.1.1.3.0
</property>
<property type="boolean" id="usessh" mode="w" >
False
</property>
<tomanycont id='datapoints'>
<object id='cacheUptime' module='Products.ZenModel.RRDDataPoint' class='RRDDataPoint'>
<property select_variable="rrdtypes" type="selection" id="rrdtype" mode="w" >
GAUGE
</property>
<property type="boolean" id="isrow" mode="w" >
True
</property>
</object>
</tomanycont>
</object>
</tomanycont>
<tomanycont id='graphDefs'>
<object id='Squid Cached objects' module='Products.ZenModel.GraphDefinition' class='GraphDefinition'>
<property type="int" id="height" mode="w" >
100
</property>
<property type="int" id="width" mode="w" >
500
</property>
<property type="string" id="units" mode="w" >
#
</property>
<property type="boolean" id="log" mode="w" >
False
</property>
<property type="boolean" id="base" mode="w" >
False
</property>
<property type="int" id="miny" mode="w" >
-1
</property>
<property type="int" id="maxy" mode="w" >
-1
</property>
<property type="boolean" id="hasSummary" mode="w" >
True
</property>
<property type="long" id="sequence" mode="w" >
6
</property>
<tomanycont id='graphPoints'>
<object id='Cached objects' module='Products.ZenModel.DataPointGraphPoint' class='DataPointGraphPoint'>
<property select_variable="lineTypes" type="selection" id="lineType" mode="w" >
AREA
</property>
<property type="long" id="lineWidth" mode="w" >
1
</property>
<property type="boolean" id="stacked" mode="w" >
False
</property>
<property type="string" id="format" mode="w" >
%5.2lf%s
</property>
<property type="string" id="legend" mode="w" >
${graphPoint/id}
</property>
<property type="long" id="limit" mode="w" >
-1
</property>
<property type="string" id="dpName" mode="w" >
cacheNumObjCount_cacheNumObjCount
</property>
<property type="string" id="cFunc" mode="w" >
AVERAGE
</property>
</object>
</tomanycont>
</object>
<object id='Squid cache hit ratio' module='Products.ZenModel.GraphDefinition' class='GraphDefinition'>
<property type="int" id="height" mode="w" >
100
</property>
<property type="int" id="width" mode="w" >
500
</property>
<property type="string" id="units" mode="w" >
percent
</property>
<property type="boolean" id="log" mode="w" >
False
</property>
<property type="boolean" id="base" mode="w" >
False
</property>
<property type="int" id="miny" mode="w" >
-1
</property>
<property type="int" id="maxy" mode="w" >
-1
</property>
<property type="boolean" id="hasSummary" mode="w" >
True
</property>
<property type="long" id="sequence" mode="w" >
1
</property>
<tomanycont id='graphPoints'>
<object id='1 minute' module='Products.ZenModel.DataPointGraphPoint' class='DataPointGraphPoint'>
<property select_variable="lineTypes" type="selection" id="lineType" mode="w" >
LINE
</property>
<property type="long" id="lineWidth" mode="w" >
2
</property>
<property type="boolean" id="stacked" mode="w" >
False
</property>
<property type="string" id="format" mode="w" >
%5.2lf%s
</property>
<property type="string" id="legend" mode="w" >
${graphPoint/id}
</property>
<property type="long" id="limit" mode="w" >
-1
</property>
<property type="string" id="dpName" mode="w" >
cacheRequestHitRatio.1_cacheRequestHitRatio.1
</property>
<property type="string" id="cFunc" mode="w" >
AVERAGE
</property>
</object>
<object id='5 minute' module='Products.ZenModel.DataPointGraphPoint' class='DataPointGraphPoint'>
<property type="long" id="sequence" mode="w" >
1
</property>
<property select_variable="lineTypes" type="selection" id="lineType" mode="w" >
LINE
</property>
<property type="long" id="lineWidth" mode="w" >
2
</property>
<property type="boolean" id="stacked" mode="w" >
False
</property>
<property type="string" id="format" mode="w" >
%5.2lf%s
</property>
<property type="string" id="legend" mode="w" >
${graphPoint/id}
</property>
<property type="long" id="limit" mode="w" >
-1
</property>
<property type="string" id="dpName" mode="w" >
cacheRequestHitRatio.5_cacheRequestHitRatio.5
</property>
<property type="string" id="cFunc" mode="w" >
AVERAGE
</property>
</object>
<object id='60 minute' module='Products.ZenModel.DataPointGraphPoint' class='DataPointGraphPoint'>
<property type="long" id="sequence" mode="w" >
2
</property>
<property select_variable="lineTypes" type="selection" id="lineType" mode="w" >
LINE
</property>
<property type="long" id="lineWidth" mode="w" >
2
</property>
<property type="boolean" id="stacked" mode="w" >
False
</property>
<property type="string" id="format" mode="w" >
%5.2lf%s
</property>
<property type="string" id="legend" mode="w" >
${graphPoint/id}
</property>
<property type="long" id="limit" mode="w" >
-1
</property>
<property type="string" id="dpName" mode="w" >
cacheRequestHitRatio.60_cacheRequestHitRatio.60
</property>
<property type="string" id="cFunc" mode="w" >
AVERAGE
</property>
</object>
</tomanycont>
</object>
<object id='Squid cache ratio' module='Products.ZenModel.GraphDefinition' class='GraphDefinition'>
<property type="int" id="height" mode="w" >
100
</property>
<property type="int" id="width" mode="w" >
500
</property>
<property type="string" id="units" mode="w" >
percent cache hits
</property>
<property type="boolean" id="log" mode="w" >
False
</property>
<property type="boolean" id="base" mode="w" >
False
</property>
<property type="int" id="miny" mode="w" >
-1
</property>
<property type="int" id="maxy" mode="w" >
-1
</property>
<property type="boolean" id="hasSummary" mode="w" >
True
</property>
<property type="long" id="sequence" mode="w" >
2
</property>
<tomanycont id='graphPoints'>
<object id='Requests' module='Products.ZenModel.DataPointGraphPoint' class='DataPointGraphPoint'>
<property select_variable="lineTypes" type="selection" id="lineType" mode="w" >
AREA
</property>
<property type="long" id="lineWidth" mode="w" >
1
</property>
<property type="boolean" id="stacked" mode="w" >
False
</property>
<property type="string" id="format" mode="w" >
%5.2lf%s
</property>
<property type="string" id="legend" mode="w" >
${graphPoint/id}
</property>
<property type="long" id="limit" mode="w" >
-1
</property>
<property type="string" id="dpName" mode="w" >
cacheRequestHitRatio.5_cacheRequestHitRatio.5
</property>
<property type="string" id="cFunc" mode="w" >
AVERAGE
</property>
</object>
<object id='Volume' module='Products.ZenModel.DataPointGraphPoint' class='DataPointGraphPoint'>
<property type="long" id="sequence" mode="w" >
1
</property>
<property select_variable="lineTypes" type="selection" id="lineType" mode="w" >
LINE
</property>
<property type="long" id="lineWidth" mode="w" >
1
</property>
<property type="boolean" id="stacked" mode="w" >
False
</property>
<property type="string" id="format" mode="w" >
%5.2lf%s
</property>
<property type="string" id="legend" mode="w" >
${graphPoint/id}
</property>
<property type="long" id="limit" mode="w" >
-1
</property>
<property type="string" id="dpName" mode="w" >
cacheRequestByteRatio.5_cacheRequestByteRatio.5
</property>
<property type="string" id="cFunc" mode="w" >
AVERAGE
</property>
</object>
</tomanycont>
</object>
<object id='Squid client request rate' module='Products.ZenModel.GraphDefinition' class='GraphDefinition'>
<property type="int" id="height" mode="w" >
100
</property>
<property type="int" id="width" mode="w" >
500
</property>
<property type="string" id="units" mode="w" >
Requests/s
</property>
<property type="boolean" id="log" mode="w" >
False
</property>
<property type="boolean" id="base" mode="w" >
False
</property>
<property type="int" id="miny" mode="w" >
-1
</property>
<property type="int" id="maxy" mode="w" >
-1
</property>
<property type="boolean" id="hasSummary" mode="w" >
True
</property>
<property type="long" id="sequence" mode="w" >
4
</property>
<tomanycont id='graphPoints'>
<object id='Cache Hits' module='Products.ZenModel.DataPointGraphPoint' class='DataPointGraphPoint'>
<property type="long" id="sequence" mode="w" >
1
</property>
<property select_variable="lineTypes" type="selection" id="lineType" mode="w" >
AREA
</property>
<property type="long" id="lineWidth" mode="w" >
1
</property>
<property type="boolean" id="stacked" mode="w" >
True
</property>
<property type="string" id="format" mode="w" >
%5.2lf%s
</property>
<property type="string" id="legend" mode="w" >
${graphPoint/id}
</property>
<property type="long" id="limit" mode="w" >
-1
</property>
<property type="string" id="dpName" mode="w" >
cacheHttpHits_cacheHttpHits
</property>
<property type="string" id="cFunc" mode="w" >
AVERAGE
</property>
</object>
<object id='Cache Misses' module='Products.ZenModel.DataPointGraphPoint' class='DataPointGraphPoint'>
<property type="long" id="sequence" mode="w" >
2
</property>
<property select_variable="lineTypes" type="selection" id="lineType" mode="w" >
AREA
</property>
<property type="long" id="lineWidth" mode="w" >
1
</property>
<property type="boolean" id="stacked" mode="w" >
True
</property>
<property type="string" id="format" mode="w" >
%5.2lf%s
</property>
<property type="string" id="legend" mode="w" >
${graphPoint/id}
</property>
<property type="long" id="limit" mode="w" >
-1
</property>
<property type="string" id="rpn" mode="w" >
HttpErrors,-,Cache_Hits,-
</property>
<property type="string" id="dpName" mode="w" >
cacheProtoClientHttpRequests_cacheProtoClientHttpRequests
</property>
<property type="string" id="cFunc" mode="w" >
AVERAGE
</property>
</object>
<object id='HttpErrors' module='Products.ZenModel.DataPointGraphPoint' class='DataPointGraphPoint'>
<property select_variable="lineTypes" type="selection" id="lineType" mode="w" >
AREA
</property>
<property type="long" id="lineWidth" mode="w" >
1
</property>
<property type="boolean" id="stacked" mode="w" >
True
</property>
<property type="string" id="format" mode="w" >
%5.2lf%s
</property>
<property type="string" id="legend" mode="w" >
${graphPoint/id}
</property>
<property type="long" id="limit" mode="w" >
-1
</property>
<property type="string" id="dpName" mode="w" >
cacheHttpErrors_cacheHttpErrors
</property>
<property type="string" id="cFunc" mode="w" >
AVERAGE
</property>
</object>
<object id='Total requests' module='Products.ZenModel.DataPointGraphPoint' class='DataPointGraphPoint'>
<property type="long" id="sequence" mode="w" >
3
</property>
<property select_variable="lineTypes" type="selection" id="lineType" mode="w" >
LINE
</property>
<property type="long" id="lineWidth" mode="w" >
1
</property>
<property type="boolean" id="stacked" mode="w" >
False
</property>
<property type="string" id="format" mode="w" >
%5.2lf%s
</property>
<property type="string" id="legend" mode="w" >
${graphPoint/id}
</property>
<property type="long" id="limit" mode="w" >
-1
</property>
<property type="string" id="dpName" mode="w" >
cacheProtoClientHttpRequests_cacheProtoClientHttpRequests
</property>
<property type="string" id="cFunc" mode="w" >
AVERAGE
</property>
</object>
</tomanycont>
</object>
<object id='Squid file descriptors' module='Products.ZenModel.GraphDefinition' class='GraphDefinition'>
<property type="int" id="height" mode="w" >
100
</property>
<property type="int" id="width" mode="w" >
500
</property>
<property type="boolean" id="log" mode="w" >
False
</property>
<property type="boolean" id="base" mode="w" >
False
</property>
<property type="int" id="miny" mode="w" >
-1
</property>
<property type="int" id="maxy" mode="w" >
-1
</property>
<property type="boolean" id="hasSummary" mode="w" >
True
</property>
<property type="long" id="sequence" mode="w" >
7
</property>
<tomanycont id='graphPoints'>
<object id='cacheCurrentFileDescrCnt' module='Products.ZenModel.DataPointGraphPoint' class='DataPointGraphPoint'>
<property select_variable="lineTypes" type="selection" id="lineType" mode="w" >
AREA
</property>
<property type="long" id="lineWidth" mode="w" >
1
</property>
<property type="boolean" id="stacked" mode="w" >
True
</property>
<property type="string" id="format" mode="w" >
%5.2lf%s
</property>
<property type="string" id="legend" mode="w" >
${graphPoint/id}
</property>
<property type="long" id="limit" mode="w" >
-1
</property>
<property type="string" id="dpName" mode="w" >
cacheCurrentFileDescrCnt_cacheCurrentFileDescrCnt
</property>
<property type="string" id="cFunc" mode="w" >
AVERAGE
</property>
</object>
<object id='cacheCurrentFileDescrMax' module='Products.ZenModel.DataPointGraphPoint' class='DataPointGraphPoint'>
<property type="long" id="sequence" mode="w" >
2
</property>
<property select_variable="lineTypes" type="selection" id="lineType" mode="w" >
LINE
</property>
<property type="long" id="lineWidth" mode="w" >
1
</property>
<property type="boolean" id="stacked" mode="w" >
False
</property>
<property type="string" id="format" mode="w" >
%5.2lf%s
</property>
<property type="string" id="legend" mode="w" >
${graphPoint/id}
</property>
<property type="long" id="limit" mode="w" >
-1
</property>
<property type="string" id="dpName" mode="w" >
cacheCurrentFileDescrMax_cacheCurrentFileDescrMax
</property>
<property type="string" id="cFunc" mode="w" >
AVERAGE
</property>
</object>
<object id='cacheCurrentResFileDescrCnt' module='Products.ZenModel.DataPointGraphPoint' class='DataPointGraphPoint'>
<property type="long" id="sequence" mode="w" >
3
</property>
<property select_variable="lineTypes" type="selection" id="lineType" mode="w" >
LINE
</property>
<property type="long" id="lineWidth" mode="w" >
1
</property>
<property type="boolean" id="stacked" mode="w" >
False
</property>
<property type="string" id="format" mode="w" >
%5.2lf%s
</property>
<property type="string" id="legend" mode="w" >
${graphPoint/id}
</property>
<property type="long" id="limit" mode="w" >
-1
</property>
<property type="string" id="dpName" mode="w" >
cacheCurrentResFileDescrCnt_cacheCurrentResFileDescrCnt
</property>
<property type="string" id="cFunc" mode="w" >
AVERAGE
</property>
</object>
<object id='cacheCurrentUnusedFDescrCnt' module='Products.ZenModel.DataPointGraphPoint' class='DataPointGraphPoint'>
<property type="long" id="sequence" mode="w" >
1
</property>
<property select_variable="lineTypes" type="selection" id="lineType" mode="w" >
DONTDRAW
</property>
<property type="long" id="lineWidth" mode="w" >
1
</property>
<property type="boolean" id="stacked" mode="w" >
True
</property>
<property type="string" id="format" mode="w" >
%5.2lf%s
</property>
<property type="string" id="legend" mode="w" >
${graphPoint/id}
</property>
<property type="long" id="limit" mode="w" >
-1
</property>
<property type="string" id="dpName" mode="w" >
cacheCurrentUnusedFDescrCnt_cacheCurrentUnusedFDescrCnt
</property>
<property type="string" id="cFunc" mode="w" >
AVERAGE
</property>
</object>
</tomanycont>
</object>
<object id='Squid service times' module='Products.ZenModel.GraphDefinition' class='GraphDefinition'>
<property type="int" id="height" mode="w" >
200
</property>
<property type="int" id="width" mode="w" >
500
</property>
<property type="string" id="units" mode="w" >
milliseconds
</property>
<property type="boolean" id="log" mode="w" >
False
</property>
<property type="boolean" id="base" mode="w" >
False
</property>
<property type="int" id="miny" mode="w" >
-1
</property>
<property type="int" id="maxy" mode="w" >
-1
</property>
<property type="boolean" id="hasSummary" mode="w" >
True
</property>
<property type="long" id="sequence" mode="w" >
5
</property>
<tomanycont id='graphPoints'>
<object id='cacheDnsSvcTime.5' module='Products.ZenModel.DataPointGraphPoint' class='DataPointGraphPoint'>
<property select_variable="lineTypes" type="selection" id="lineType" mode="w" >
AREA
</property>
<property type="long" id="lineWidth" mode="w" >
1
</property>
<property type="boolean" id="stacked" mode="w" >
True
</property>
<property type="string" id="format" mode="w" >
%5.2lf%s
</property>
<property type="string" id="legend" mode="w" >
${graphPoint/id}
</property>
<property type="long" id="limit" mode="w" >
-1
</property>
<property type="string" id="dpName" mode="w" >
cacheDnsSvcTime.5_cacheDnsSvcTime.5
</property>
<property type="string" id="cFunc" mode="w" >
AVERAGE
</property>
</object>
<object id='cacheHttpAllSvcTime.5' module='Products.ZenModel.DataPointGraphPoint' class='DataPointGraphPoint'>
<property type="long" id="sequence" mode="w" >
5
</property>
<property select_variable="lineTypes" type="selection" id="lineType" mode="w" >
AREA
</property>
<property type="long" id="lineWidth" mode="w" >
1
</property>
<property type="boolean" id="stacked" mode="w" >
True
</property>
<property type="string" id="format" mode="w" >
%5.2lf%s
</property>
<property type="string" id="legend" mode="w" >
${graphPoint/id}
</property>
<property type="long" id="limit" mode="w" >
-1
</property>
<property type="string" id="dpName" mode="w" >
cacheHttpAllSvcTime.5_cacheHttpAllSvcTime.5
</property>
<property type="string" id="cFunc" mode="w" >
AVERAGE
</property>
</object>
<object id='cacheHttpHitSvcTime.5' module='Products.ZenModel.DataPointGraphPoint' class='DataPointGraphPoint'>
<property type="long" id="sequence" mode="w" >
1
</property>
<property select_variable="lineTypes" type="selection" id="lineType" mode="w" >
AREA
</property>
<property type="long" id="lineWidth" mode="w" >
1
</property>
<property type="boolean" id="stacked" mode="w" >
True
</property>
<property type="string" id="format" mode="w" >
%5.2lf%s
</property>
<property type="string" id="legend" mode="w" >
${graphPoint/id}
</property>
<property type="long" id="limit" mode="w" >
-1
</property>
<property type="string" id="dpName" mode="w" >
cacheHttpHitSvcTime.5_cacheHttpHitSvcTime.5
</property>
<property type="string" id="cFunc" mode="w" >
AVERAGE
</property>
</object>
<object id='cacheHttpMissSvcTime.5' module='Products.ZenModel.DataPointGraphPoint' class='DataPointGraphPoint'>
<property type="long" id="sequence" mode="w" >
2
</property>
<property select_variable="lineTypes" type="selection" id="lineType" mode="w" >
AREA
</property>
<property type="long" id="lineWidth" mode="w" >
1
</property>
<property type="boolean" id="stacked" mode="w" >
True
</property>
<property type="string" id="format" mode="w" >
%5.2lf%s
</property>
<property type="string" id="legend" mode="w" >
${graphPoint/id}
</property>
<property type="long" id="limit" mode="w" >
-1
</property>
<property type="string" id="dpName" mode="w" >
cacheHttpMissSvcTime.5_cacheHttpMissSvcTime.5
</property>
<property type="string" id="cFunc" mode="w" >
AVERAGE
</property>
</object>
<object id='cacheHttpNhSvcTime.5' module='Products.ZenModel.DataPointGraphPoint' class='DataPointGraphPoint'>
<property type="long" id="sequence" mode="w" >
4
</property>
<property select_variable="lineTypes" type="selection" id="lineType" mode="w" >
AREA
</property>
<property type="long" id="lineWidth" mode="w" >
1
</property>
<property type="boolean" id="stacked" mode="w" >
True
</property>
<property type="string" id="format" mode="w" >
%5.2lf%s
</property>
<property type="string" id="legend" mode="w" >
${graphPoint/id}
</property>
<property type="long" id="limit" mode="w" >
-1
</property>
<property type="string" id="dpName" mode="w" >
cacheHttpNhSvcTime.5_cacheHttpNhSvcTime.5
</property>
<property type="string" id="cFunc" mode="w" >
AVERAGE
</property>
</object>
<object id='cacheHttpNmSvcTime.5' module='Products.ZenModel.DataPointGraphPoint' class='DataPointGraphPoint'>
<property type="long" id="sequence" mode="w" >
3
</property>
<property select_variable="lineTypes" type="selection" id="lineType" mode="w" >
AREA
</property>
<property type="long" id="lineWidth" mode="w" >
1
</property>
<property type="boolean" id="stacked" mode="w" >
True
</property>
<property type="string" id="format" mode="w" >
%5.2lf%s
</property>
<property type="string" id="legend" mode="w" >
${graphPoint/id}
</property>
<property type="long" id="limit" mode="w" >
-1
</property>
<property type="string" id="dpName" mode="w" >
cacheHttpNmSvcTime.5_cacheHttpNmSvcTime.5
</property>
<property type="string" id="cFunc" mode="w" >
AVERAGE
</property>
</object>
<object id='cacheIcpQuerySvcTime.5' module='Products.ZenModel.DataPointGraphPoint' class='DataPointGraphPoint'>
<property type="long" id="sequence" mode="w" >
6
</property>
<property select_variable="lineTypes" type="selection" id="lineType" mode="w" >
AREA
</property>
<property type="long" id="lineWidth" mode="w" >
1
</property>
<property type="boolean" id="stacked" mode="w" >
True
</property>
<property type="string" id="format" mode="w" >
%5.2lf%s
</property>
<property type="string" id="legend" mode="w" >
${graphPoint/id}
</property>
<property type="long" id="limit" mode="w" >
-1
</property>
<property type="string" id="dpName" mode="w" >
cacheIcpQuerySvcTime.5_cacheIcpQuerySvcTime.5
</property>
<property type="string" id="cFunc" mode="w" >
AVERAGE
</property>
</object>
<object id='cacheIcpReplySvcTime.5' module='Products.ZenModel.DataPointGraphPoint' class='DataPointGraphPoint'>
<property type="long" id="sequence" mode="w" >
7
</property>
<property select_variable="lineTypes" type="selection" id="lineType" mode="w" >
AREA
</property>
<property type="long" id="lineWidth" mode="w" >
1
</property>
<property type="boolean" id="stacked" mode="w" >
True
</property>
<property type="string" id="format" mode="w" >
%5.2lf%s
</property>
<property type="string" id="legend" mode="w" >
${graphPoint/id}
</property>
<property type="long" id="limit" mode="w" >
-1
</property>
<property type="string" id="dpName" mode="w" >
cacheIcpReplySvcTime.5_cacheIcpReplySvcTime.5
</property>
<property type="string" id="cFunc" mode="w" >
AVERAGE
</property>
</object>
</tomanycont>
</object>
<object id='Squid traffic' module='Products.ZenModel.GraphDefinition' class='GraphDefinition'>
<property type="int" id="height" mode="w" >
100
</property>
<property type="int" id="width" mode="w" >
500
</property>
<property type="string" id="units" mode="w" >
Bits/s
</property>
<property type="boolean" id="log" mode="w" >
False
</property>
<property type="boolean" id="base" mode="w" >
False
</property>
<property type="int" id="miny" mode="w" >
-1
</property>
<property type="int" id="maxy" mode="w" >
-1
</property>
<property type="boolean" id="hasSummary" mode="w" >
True
</property>
<tomanycont id='graphPoints'>
<object id='Traffic in' module='Products.ZenModel.DataPointGraphPoint' class='DataPointGraphPoint'>
<property select_variable="lineTypes" type="selection" id="lineType" mode="w" >
AREA
</property>
<property type="long" id="lineWidth" mode="w" >
1
</property>
<property type="boolean" id="stacked" mode="w" >
False
</property>
<property type="string" id="format" mode="w" >
%5.2lf%s
</property>
<property type="string" id="legend" mode="w" >
${graphPoint/id}
</property>
<property type="long" id="limit" mode="w" >
-1
</property>
<property type="string" id="rpn" mode="w" >
1024,*
</property>
<property type="string" id="dpName" mode="w" >
cacheHttpInKb_cacheHttpInKb
</property>
<property type="string" id="cFunc" mode="w" >
AVERAGE
</property>
</object>
<object id='Traffic out' module='Products.ZenModel.DataPointGraphPoint' class='DataPointGraphPoint'>
<property type="long" id="sequence" mode="w" >
1
</property>
<property select_variable="lineTypes" type="selection" id="lineType" mode="w" >
LINE
</property>
<property type="long" id="lineWidth" mode="w" >
1
</property>
<property type="boolean" id="stacked" mode="w" >
False
</property>
<property type="string" id="format" mode="w" >
%5.2lf%s
</property>
<property type="string" id="legend" mode="w" >
${graphPoint/id}
</property>
<property type="long" id="limit" mode="w" >
-1
</property>
<property type="string" id="rpn" mode="w" >
1024,*
</property>
<property type="string" id="dpName" mode="w" >
cacheHttpOutKb_cacheHttpOutKb
</property>
<property type="string" id="cFunc" mode="w" >
AVERAGE
</property>
</object>
<object id='Traffic savings' module='Products.ZenModel.DataPointGraphPoint' class='DataPointGraphPoint'>
<property type="long" id="sequence" mode="w" >
2
</property>
<property type="string" id="color" mode="w" >
#ff0000
</property>
<property select_variable="lineTypes" type="selection" id="lineType" mode="w" >
AREA
</property>
<property type="long" id="lineWidth" mode="w" >
1
</property>
<property type="boolean" id="stacked" mode="w" >
False
</property>
<property type="string" id="format" mode="w" >
%5.2lf%s
</property>
<property type="string" id="legend" mode="w" >
${graphPoint/id}
</property>
<property type="long" id="limit" mode="w" >
-1
</property>
<property type="string" id="rpn" mode="w" >
-1024,*,Traffic_in,+
</property>
<property type="string" id="dpName" mode="w" >
cacheHttpOutKb_cacheHttpOutKb
</property>
<property type="string" id="cFunc" mode="w" >
AVERAGE
</property>
</object>
</tomanycont>
</object>
<object id='Squid uptime' module='Products.ZenModel.GraphDefinition' class='GraphDefinition'>
<property type="int" id="height" mode="w" >
100
</property>
<property type="int" id="width" mode="w" >
500
</property>
<property type="string" id="units" mode="w" >
Days
</property>
<property type="boolean" id="log" mode="w" >
False
</property>
<property type="boolean" id="base" mode="w" >
False
</property>
<property type="int" id="miny" mode="w" >
-1
</property>
<property type="int" id="maxy" mode="w" >
-1
</property>
<property type="boolean" id="hasSummary" mode="w" >
True
</property>
<property type="long" id="sequence" mode="w" >
3
</property>
<tomanycont id='graphPoints'>
<object id='cacheUptime' module='Products.ZenModel.DataPointGraphPoint' class='DataPointGraphPoint'>
<property select_variable="lineTypes" type="selection" id="lineType" mode="w" >
AREA
</property>
<property type="long" id="lineWidth" mode="w" >
1
</property>
<property type="boolean" id="stacked" mode="w" >
False
</property>
<property type="string" id="format" mode="w" >
%5.2lf%s
</property>
<property type="string" id="legend" mode="w" >
${graphPoint/id}
</property>
<property type="long" id="limit" mode="w" >
-1
</property>
<property type="string" id="rpn" mode="w" >
8640000,/
</property>
<property type="string" id="dpName" mode="w" >
cacheUptime_cacheUptime
</property>
<property type="string" id="cFunc" mode="w" >
AVERAGE
</property>
</object>
</tomanycont>
</object>
</tomanycont>
</object>
</objects>
